{
  "ci": {
    "collect": {
      "numberOfRuns": 3,
      "url": ["__LHCI_BASE_URL__/", "__LHCI_BASE_URL__/account/signin"]
    },
    "assert": {
      "preset": "lighthouse:recommended",
      "assertions": {
        "html-has-lang": "off",
        "color-contrast": "off",
        "is-crawlable": "off",
        "tap-targets": "off",
        "mainthread-work-breakdown": "off",
        "max-potential-fid": "off",
        "uses-long-cache-ttl": "off",
        "canonical": "off",
        "image-size-responsive": "off",
        "meta-description": "off"
      }
    },
    "upload": {
      "target": "temporary-public-storage"
    },
    "server": {},
    "wizard": {}
  }
}
